PRAGMA foreign_keys=OFF;
BEGIN TRANSACTION;
CREATE TABLE IF NOT EXISTS "django_migrations" ("id" integer NOT NULL PRIMARY KEY AUTOINCREMENT, "app" varchar(255) NOT NULL, "name" varchar(255) NOT NULL, "applied" datetime NOT NULL);
INSERT INTO django_migrations VALUES(1,'contenttypes','0001_initial','2018-08-22 15:39:45.858744');
INSERT INTO django_migrations VALUES(2,'auth','0001_initial','2018-08-22 15:39:46.321333');
INSERT INTO django_migrations VALUES(3,'admin','0001_initial','2018-08-22 15:39:46.602369');
INSERT INTO django_migrations VALUES(4,'admin','0002_logentry_remove_auto_add','2018-08-22 15:39:46.867906');
INSERT INTO django_migrations VALUES(5,'contenttypes','0002_remove_content_type_name','2018-08-22 15:39:47.164090');
INSERT INTO django_migrations VALUES(6,'auth','0002_alter_permission_name_max_length','2018-08-22 15:39:47.507761');
INSERT INTO django_migrations VALUES(7,'auth','0003_alter_user_email_max_length','2018-08-22 15:39:47.758714');
INSERT INTO django_migrations VALUES(8,'auth','0004_alter_user_username_opts','2018-08-22 15:39:48.165247');
INSERT INTO django_migrations VALUES(9,'auth','0005_alter_user_last_login_null','2018-08-22 15:39:48.430816');
INSERT INTO django_migrations VALUES(10,'auth','0006_require_contenttypes_0002','2018-08-22 15:39:48.711995');
INSERT INTO django_migrations VALUES(11,'auth','0007_alter_validators_add_error_messages','2018-08-22 15:39:49.429658');
INSERT INTO django_migrations VALUES(12,'auth','0008_alter_user_username_max_length','2018-08-22 15:39:50.054547');
INSERT INTO django_migrations VALUES(13,'auth','0009_alter_user_last_name_max_length','2018-08-22 15:39:50.383016');
INSERT INTO django_migrations VALUES(14,'sessions','0001_initial','2018-08-22 15:39:50.648576');
INSERT INTO django_migrations VALUES(15,'thumbnail','0001_initial','2018-08-22 15:39:50.976974');
INSERT INTO django_migrations VALUES(16,'accounts','0001_initial','2018-08-22 15:40:11.094727');
INSERT INTO django_migrations VALUES(17,'activities','0001_initial','2018-08-22 15:40:11.726300');
INSERT INTO django_migrations VALUES(18,'groups','0001_initial','2018-08-22 15:40:12.231360');
INSERT INTO django_migrations VALUES(19,'posts','0001_initial','2018-08-22 15:40:12.606236');
INSERT INTO django_migrations VALUES(20,'messenger','0001_initial','2018-08-22 15:41:25.523048');
INSERT INTO django_migrations VALUES(21,'messenger','0002_auto_20180823_1604','2018-08-23 13:06:17.286903');
INSERT INTO django_migrations VALUES(22,'messenger','0003_auto_20180823_1637','2018-08-23 13:38:26.089639');
CREATE TABLE IF NOT EXISTS "auth_group" ("id" integer NOT NULL PRIMARY KEY AUTOINCREMENT, "name" varchar(80) NOT NULL UNIQUE);
CREATE TABLE IF NOT EXISTS "auth_group_permissions" ("id" integer NOT NULL PRIMARY KEY AUTOINCREMENT, "group_id" integer NOT NULL REFERENCES "auth_group" ("id") DEFERRABLE INITIALLY DEFERRED, "permission_id" integer NOT NULL REFERENCES "auth_permission" ("id") DEFERRABLE INITIALLY DEFERRED);
CREATE TABLE IF NOT EXISTS "auth_user_groups" ("id" integer NOT NULL PRIMARY KEY AUTOINCREMENT, "user_id" integer NOT NULL REFERENCES "auth_user" ("id") DEFERRABLE INITIALLY DEFERRED, "group_id" integer NOT NULL REFERENCES "auth_group" ("id") DEFERRABLE INITIALLY DEFERRED);
CREATE TABLE IF NOT EXISTS "auth_user_user_permissions" ("id" integer NOT NULL PRIMARY KEY AUTOINCREMENT, "user_id" integer NOT NULL REFERENCES "auth_user" ("id") DEFERRABLE INITIALLY DEFERRED, "permission_id" integer NOT NULL REFERENCES "auth_permission" ("id") DEFERRABLE INITIALLY DEFERRED);
CREATE TABLE IF NOT EXISTS "django_admin_log" ("id" integer NOT NULL PRIMARY KEY AUTOINCREMENT, "object_id" text NULL, "object_repr" varchar(200) NOT NULL, "action_flag" smallint unsigned NOT NULL, "change_message" text NOT NULL, "content_type_id" integer NULL REFERENCES "django_content_type" ("id") DEFERRABLE INITIALLY DEFERRED, "user_id" integer NOT NULL REFERENCES "auth_user" ("id") DEFERRABLE INITIALLY DEFERRED, "action_time" datetime NOT NULL);
INSERT INTO django_admin_log VALUES(1,'4','Thread object (4)',3,'',18,3,'2018-08-23 12:36:05.314340');
INSERT INTO django_admin_log VALUES(2,'3','Thread object (3)',3,'',18,3,'2018-08-23 12:36:05.492617');
INSERT INTO django_admin_log VALUES(3,'2','Thread object (2)',3,'',18,3,'2018-08-23 12:36:05.718926');
INSERT INTO django_admin_log VALUES(4,'1','Thread object (1)',3,'',18,3,'2018-08-23 12:36:05.871517');
INSERT INTO django_admin_log VALUES(5,'7','Thread object (7)',3,'',18,3,'2018-08-23 12:46:11.517743');
INSERT INTO django_admin_log VALUES(6,'6','Thread object (6)',3,'',18,3,'2018-08-23 12:46:11.681668');
INSERT INTO django_admin_log VALUES(7,'5','Thread object (5)',3,'',18,3,'2018-08-23 12:46:11.886909');
INSERT INTO django_admin_log VALUES(8,'8','Thread object (8)',3,'',18,3,'2018-08-23 12:48:14.248813');
INSERT INTO django_admin_log VALUES(9,'10','Thread object (10)',3,'',18,3,'2018-08-23 12:53:10.152108');
INSERT INTO django_admin_log VALUES(10,'9','Thread object (9)',3,'',18,3,'2018-08-23 12:53:10.332706');
INSERT INTO django_admin_log VALUES(11,'11','Thread object (11)',3,'',18,3,'2018-08-23 12:54:08.239313');
INSERT INTO django_admin_log VALUES(12,'12','Thread object (12)',3,'',18,3,'2018-08-23 12:56:48.963334');
INSERT INTO django_admin_log VALUES(13,'13','Thread object (13)',3,'',18,3,'2018-08-23 12:57:19.864300');
INSERT INTO django_admin_log VALUES(14,'14','Thread object (14)',3,'',18,3,'2018-08-23 12:58:51.872974');
INSERT INTO django_admin_log VALUES(15,'16','Thread object (16)',3,'',18,3,'2018-08-23 12:59:38.256848');
INSERT INTO django_admin_log VALUES(16,'15','Thread object (15)',3,'',18,3,'2018-08-23 12:59:38.392092');
INSERT INTO django_admin_log VALUES(17,'18','Chat object (18)',3,'',18,3,'2018-08-23 13:11:13.246725');
INSERT INTO django_admin_log VALUES(18,'17','Chat object (17)',3,'',18,3,'2018-08-23 13:11:13.685450');
INSERT INTO django_admin_log VALUES(19,'21','Chat object (21)',3,'',18,3,'2018-08-23 13:17:59.221426');
INSERT INTO django_admin_log VALUES(20,'20','Chat object (20)',3,'',18,3,'2018-08-23 13:17:59.492330');
INSERT INTO django_admin_log VALUES(21,'19','Chat object (19)',3,'',18,3,'2018-08-23 13:17:59.728835');
INSERT INTO django_admin_log VALUES(22,'25','Thread object (25)',3,'',18,3,'2018-08-23 14:10:31.412498');
INSERT INTO django_admin_log VALUES(23,'24','Thread object (24)',3,'',18,3,'2018-08-23 14:10:33.567870');
INSERT INTO django_admin_log VALUES(24,'23','Thread object (23)',3,'',18,3,'2018-08-23 14:10:34.544350');
INSERT INTO django_admin_log VALUES(25,'22','Thread object (22)',3,'',18,3,'2018-08-23 14:10:34.785200');
INSERT INTO django_admin_log VALUES(26,'4','Danny',2,'[{"changed": {"fields": ["password"]}}]',5,3,'2018-08-23 16:05:24.778959');
INSERT INTO django_admin_log VALUES(27,'32','Thread object (32)',3,'',18,3,'2018-08-23 18:19:51.375292');
INSERT INTO django_admin_log VALUES(28,'31','Thread object (31)',3,'',18,3,'2018-08-23 18:19:51.532751');
INSERT INTO django_admin_log VALUES(29,'30','Thread object (30)',3,'',18,3,'2018-08-23 18:19:51.740615');
INSERT INTO django_admin_log VALUES(30,'29','Thread object (29)',3,'',18,3,'2018-08-23 18:19:51.949409');
INSERT INTO django_admin_log VALUES(31,'28','Thread object (28)',3,'',18,3,'2018-08-23 18:19:52.096421');
INSERT INTO django_admin_log VALUES(32,'27','Thread object (27)',3,'',18,3,'2018-08-23 18:19:52.221775');
INSERT INTO django_admin_log VALUES(33,'26','Thread object (26)',3,'',18,3,'2018-08-23 18:19:52.346327');
INSERT INTO django_admin_log VALUES(34,'20','admin',3,'',17,3,'2018-08-24 13:16:32.812093');
INSERT INTO django_admin_log VALUES(35,'19','admin',3,'',17,3,'2018-08-24 13:16:33.015822');
INSERT INTO django_admin_log VALUES(36,'18','admin',3,'',17,3,'2018-08-24 13:16:33.231220');
INSERT INTO django_admin_log VALUES(37,'17','admin',3,'',17,3,'2018-08-24 13:16:33.426963');
INSERT INTO django_admin_log VALUES(38,'16','admin',3,'',17,3,'2018-08-24 13:16:33.574763');
INSERT INTO django_admin_log VALUES(39,'15','admin',3,'',17,3,'2018-08-24 13:16:33.746537');
INSERT INTO django_admin_log VALUES(40,'14','admin',3,'',17,3,'2018-08-24 13:16:33.902325');
INSERT INTO django_admin_log VALUES(41,'13','admin',3,'',17,3,'2018-08-24 13:16:34.048895');
INSERT INTO django_admin_log VALUES(42,'12','admin',3,'',17,3,'2018-08-24 13:16:34.186305');
INSERT INTO django_admin_log VALUES(43,'11','admin',3,'',17,3,'2018-08-24 13:16:34.389987');
INSERT INTO django_admin_log VALUES(44,'10','admin',3,'',17,3,'2018-08-24 13:16:34.527461');
INSERT INTO django_admin_log VALUES(45,'9','admin',3,'',17,3,'2018-08-24 13:16:34.636549');
INSERT INTO django_admin_log VALUES(46,'8','admin',3,'',17,3,'2018-08-24 13:16:34.823777');
INSERT INTO django_admin_log VALUES(47,'7','admin',3,'',17,3,'2018-08-24 13:16:34.990148');
INSERT INTO django_admin_log VALUES(48,'6','admin',3,'',17,3,'2018-08-24 13:16:35.195197');
INSERT INTO django_admin_log VALUES(49,'5','admin',3,'',17,3,'2018-08-24 13:16:35.409730');
INSERT INTO django_admin_log VALUES(50,'4','admin',3,'',17,3,'2018-08-24 13:16:35.714487');
INSERT INTO django_admin_log VALUES(51,'3','admin',3,'',17,3,'2018-08-24 13:16:35.878453');
INSERT INTO django_admin_log VALUES(52,'2','admin',3,'',17,3,'2018-08-24 13:16:36.011624');
INSERT INTO django_admin_log VALUES(53,'1','admin',3,'',17,3,'2018-08-24 13:16:36.143425');
INSERT INTO django_admin_log VALUES(54,'53','admin',3,'',17,3,'2018-08-24 14:15:42.106740');
INSERT INTO django_admin_log VALUES(55,'52','admin',3,'',17,3,'2018-08-24 14:15:42.222554');
INSERT INTO django_admin_log VALUES(56,'51','admin',3,'',17,3,'2018-08-24 14:15:42.430278');
INSERT INTO django_admin_log VALUES(57,'50','admin',3,'',17,3,'2018-08-24 14:15:42.574093');
INSERT INTO django_admin_log VALUES(58,'49','admin',3,'',17,3,'2018-08-24 14:15:42.705907');
INSERT INTO django_admin_log VALUES(59,'48','admin',3,'',17,3,'2018-08-24 14:15:42.821753');
INSERT INTO django_admin_log VALUES(60,'47','admin',3,'',17,3,'2018-08-24 14:15:43.096702');
INSERT INTO django_admin_log VALUES(61,'46','admin',3,'',17,3,'2018-08-24 14:15:43.237375');
INSERT INTO django_admin_log VALUES(62,'45','admin',3,'',17,3,'2018-08-24 14:15:43.363662');
INSERT INTO django_admin_log VALUES(63,'44','admin',3,'',17,3,'2018-08-24 14:15:43.511798');
INSERT INTO django_admin_log VALUES(64,'43','admin',3,'',17,3,'2018-08-24 14:15:43.699619');
INSERT INTO django_admin_log VALUES(65,'42','admin',3,'',17,3,'2018-08-24 14:15:43.875396');
INSERT INTO django_admin_log VALUES(66,'41','admin',3,'',17,3,'2018-08-24 14:15:44.091093');
INSERT INTO django_admin_log VALUES(67,'40','admin',3,'',17,3,'2018-08-24 14:15:44.196996');
INSERT INTO django_admin_log VALUES(68,'39','admin',3,'',17,3,'2018-08-24 14:15:44.285055');
INSERT INTO django_admin_log VALUES(69,'38','admin',3,'',17,3,'2018-08-24 14:15:44.472628');
INSERT INTO django_admin_log VALUES(70,'37','admin',3,'',17,3,'2018-08-24 14:15:44.607712');
INSERT INTO django_admin_log VALUES(71,'36','admin',3,'',17,3,'2018-08-24 14:15:44.739573');
INSERT INTO django_admin_log VALUES(72,'35','admin',3,'',17,3,'2018-08-24 14:15:44.875354');
INSERT INTO django_admin_log VALUES(73,'34','admin',3,'',17,3,'2018-08-24 14:15:45.002816');
INSERT INTO django_admin_log VALUES(74,'33','admin',3,'',17,3,'2018-08-24 14:15:45.108740');
INSERT INTO django_admin_log VALUES(75,'32','admin',3,'',17,3,'2018-08-24 14:15:45.303397');
INSERT INTO django_admin_log VALUES(76,'31','admin',3,'',17,3,'2018-08-24 14:15:45.601072');
INSERT INTO django_admin_log VALUES(77,'30','admin',3,'',17,3,'2018-08-24 14:15:45.773482');
INSERT INTO django_admin_log VALUES(78,'29','admin',3,'',17,3,'2018-08-24 14:15:45.912727');
INSERT INTO django_admin_log VALUES(79,'28','admin',3,'',17,3,'2018-08-24 14:15:46.044055');
INSERT INTO django_admin_log VALUES(80,'27','admin',3,'',17,3,'2018-08-24 14:15:46.238800');
INSERT INTO django_admin_log VALUES(81,'26','admin',3,'',17,3,'2018-08-24 14:15:46.535019');
INSERT INTO django_admin_log VALUES(82,'25','admin',3,'',17,3,'2018-08-24 14:15:46.687742');
INSERT INTO django_admin_log VALUES(83,'24','admin',3,'',17,3,'2018-08-24 14:15:46.803586');
INSERT INTO django_admin_log VALUES(84,'23','admin',3,'',17,3,'2018-08-24 14:15:46.952344');
INSERT INTO django_admin_log VALUES(85,'22','admin',3,'',17,3,'2018-08-24 14:15:47.084136');
INSERT INTO django_admin_log VALUES(86,'21','admin',3,'',17,3,'2018-08-24 14:15:47.273067');
INSERT INTO django_admin_log VALUES(87,'65','admin',3,'',17,3,'2018-08-24 14:19:34.853745');
INSERT INTO django_admin_log VALUES(88,'64','admin',3,'',17,3,'2018-08-24 14:19:35.061666');
INSERT INTO django_admin_log VALUES(89,'63','admin',3,'',17,3,'2018-08-24 14:19:35.311947');
INSERT INTO django_admin_log VALUES(90,'62','admin',3,'',17,3,'2018-08-24 14:19:35.443803');
INSERT INTO django_admin_log VALUES(91,'61','admin',3,'',17,3,'2018-08-24 14:19:35.575590');
INSERT INTO django_admin_log VALUES(92,'60','admin',3,'',17,3,'2018-08-24 14:19:35.785024');
INSERT INTO django_admin_log VALUES(93,'59','admin',3,'',17,3,'2018-08-24 14:19:35.920290');
INSERT INTO django_admin_log VALUES(94,'58','admin',3,'',17,3,'2018-08-24 14:19:36.089390');
INSERT INTO django_admin_log VALUES(95,'57','admin',3,'',17,3,'2018-08-24 14:19:36.343747');
INSERT INTO django_admin_log VALUES(96,'56','admin',3,'',17,3,'2018-08-24 14:19:36.544828');
INSERT INTO django_admin_log VALUES(97,'55','admin',3,'',17,3,'2018-08-24 14:19:36.785375');
INSERT INTO django_admin_log VALUES(98,'54','admin',3,'',17,3,'2018-08-24 14:19:36.922013');
INSERT INTO django_admin_log VALUES(99,'76','admin',3,'',17,3,'2018-08-24 14:23:26.208901');
INSERT INTO django_admin_log VALUES(100,'75','admin',3,'',17,3,'2018-08-24 14:23:26.592182');
INSERT INTO django_admin_log VALUES(101,'74','admin',3,'',17,3,'2018-08-24 14:23:26.894321');
INSERT INTO django_admin_log VALUES(102,'73','admin',3,'',17,3,'2018-08-24 14:23:27.247148');
INSERT INTO django_admin_log VALUES(103,'72','admin',3,'',17,3,'2018-08-24 14:23:27.556497');
INSERT INTO django_admin_log VALUES(104,'71','admin',3,'',17,3,'2018-08-24 14:23:27.807401');
INSERT INTO django_admin_log VALUES(105,'70','admin',3,'',17,3,'2018-08-24 14:23:28.203798');
INSERT INTO django_admin_log VALUES(106,'69','admin',3,'',17,3,'2018-08-24 14:23:28.323334');
INSERT INTO django_admin_log VALUES(107,'68','admin',3,'',17,3,'2018-08-24 14:23:28.492406');
INSERT INTO django_admin_log VALUES(108,'67','admin',3,'',17,3,'2018-08-24 14:23:28.624184');
INSERT INTO django_admin_log VALUES(109,'66','admin',3,'',17,3,'2018-08-24 14:23:28.809927');
INSERT INTO django_admin_log VALUES(110,'106','admin',3,'',17,3,'2018-08-24 15:34:43.565893');
INSERT INTO django_admin_log VALUES(111,'105','admin',3,'',17,3,'2018-08-24 15:34:43.737693');
INSERT INTO django_admin_log VALUES(112,'104','admin',3,'',17,3,'2018-08-24 15:34:43.891590');
INSERT INTO django_admin_log VALUES(113,'103','admin',3,'',17,3,'2018-08-24 15:34:44.037897');
INSERT INTO django_admin_log VALUES(114,'102','admin',3,'',17,3,'2018-08-24 15:34:44.161574');
INSERT INTO django_admin_log VALUES(115,'101','admin',3,'',17,3,'2018-08-24 15:34:44.261659');
INSERT INTO django_admin_log VALUES(116,'100','admin',3,'',17,3,'2018-08-24 15:34:44.363880');
INSERT INTO django_admin_log VALUES(117,'99','admin',3,'',17,3,'2018-08-24 15:34:44.447664');
INSERT INTO django_admin_log VALUES(118,'98','admin',3,'',17,3,'2018-08-24 15:34:44.580249');
INSERT INTO django_admin_log VALUES(119,'97','admin',3,'',17,3,'2018-08-24 15:34:44.697417');
INSERT INTO django_admin_log VALUES(120,'96','admin',3,'',17,3,'2018-08-24 15:34:44.910630');
INSERT INTO django_admin_log VALUES(121,'95','admin',3,'',17,3,'2018-08-24 15:34:44.998370');
INSERT INTO django_admin_log VALUES(122,'94','admin',3,'',17,3,'2018-08-24 15:34:45.106407');
INSERT INTO django_admin_log VALUES(123,'93','admin',3,'',17,3,'2018-08-24 15:34:45.238408');
INSERT INTO django_admin_log VALUES(124,'92','admin',3,'',17,3,'2018-08-24 15:34:45.345775');
INSERT INTO django_admin_log VALUES(125,'91','admin',3,'',17,3,'2018-08-24 15:34:45.457988');
INSERT INTO django_admin_log VALUES(126,'90','admin',3,'',17,3,'2018-08-24 15:34:45.615329');
INSERT INTO django_admin_log VALUES(127,'89','admin',3,'',17,3,'2018-08-24 15:34:45.717345');
INSERT INTO django_admin_log VALUES(128,'88','admin',3,'',17,3,'2018-08-24 15:34:45.859164');
INSERT INTO django_admin_log VALUES(129,'87','admin',3,'',17,3,'2018-08-24 15:34:46.155527');
INSERT INTO django_admin_log VALUES(130,'86','admin',3,'',17,3,'2018-08-24 15:34:46.622281');
INSERT INTO django_admin_log VALUES(131,'85','admin',3,'',17,3,'2018-08-24 15:34:46.810032');
INSERT INTO django_admin_log VALUES(132,'84','admin',3,'',17,3,'2018-08-24 15:34:46.997779');
INSERT INTO django_admin_log VALUES(133,'83','admin',3,'',17,3,'2018-08-24 15:34:47.135219');
INSERT INTO django_admin_log VALUES(134,'82','admin',3,'',17,3,'2018-08-24 15:34:47.272079');
INSERT INTO django_admin_log VALUES(135,'81','admin',3,'',17,3,'2018-08-24 15:34:47.431872');
INSERT INTO django_admin_log VALUES(136,'80','admin',3,'',17,3,'2018-08-24 15:34:47.722448');
INSERT INTO django_admin_log VALUES(137,'79','admin',3,'',17,3,'2018-08-24 15:34:47.850750');
INSERT INTO django_admin_log VALUES(138,'78','admin',3,'',17,3,'2018-08-24 15:34:48.000559');
INSERT INTO django_admin_log VALUES(139,'77','admin',3,'',17,3,'2018-08-24 15:34:48.132383');
INSERT INTO django_admin_log VALUES(140,'5','Dan',2,'[{"changed": {"fields": ["birth_date", "height"]}}]',12,3,'2018-08-25 15:44:25.631236');
CREATE TABLE IF NOT EXISTS "django_content_type" ("id" integer NOT NULL PRIMARY KEY AUTOINCREMENT, "app_label" varchar(100) NOT NULL, "model" varchar(100) NOT NULL);
INSERT INTO django_content_type VALUES(1,'thumbnail','kvstore');
INSERT INTO django_content_type VALUES(2,'admin','logentry');
INSERT INTO django_content_type VALUES(3,'auth','permission');
INSERT INTO django_content_type VALUES(4,'auth','group');
INSERT INTO django_content_type VALUES(5,'auth','user');
INSERT INTO django_content_type VALUES(6,'contenttypes','contenttype');
INSERT INTO django_content_type VALUES(7,'sessions','session');
INSERT INTO django_content_type VALUES(8,'nutrition','plan');
INSERT INTO django_content_type VALUES(9,'nutrition','nutrition');
INSERT INTO django_content_type VALUES(10,'workout','workout');
INSERT INTO django_content_type VALUES(11,'workout','set');
INSERT INTO django_content_type VALUES(12,'accounts','userprofileinfo');
INSERT INTO django_content_type VALUES(13,'accounts','weightlist');
INSERT INTO django_content_type VALUES(14,'groups','group');
INSERT INTO django_content_type VALUES(15,'groups','groupmember');
INSERT INTO django_content_type VALUES(16,'posts','post');
INSERT INTO django_content_type VALUES(17,'activities','comment');
INSERT INTO django_content_type VALUES(18,'messenger','thread');
INSERT INTO django_content_type VALUES(19,'messenger','chatmessage');
INSERT INTO django_content_type VALUES(20,'appointments','appointment');
CREATE TABLE IF NOT EXISTS "auth_permission" ("id" integer NOT NULL PRIMARY KEY AUTOINCREMENT, "content_type_id" integer NOT NULL REFERENCES "django_content_type" ("id") DEFERRABLE INITIALLY DEFERRED, "codename" varchar(100) NOT NULL, "name" varchar(255) NOT NULL);
INSERT INTO auth_permission VALUES(1,1,'add_kvstore','Can add kv store');
INSERT INTO auth_permission VALUES(2,1,'change_kvstore','Can change kv store');
INSERT INTO auth_permission VALUES(3,1,'delete_kvstore','Can delete kv store');
INSERT INTO auth_permission VALUES(4,2,'add_logentry','Can add log entry');
INSERT INTO auth_permission VALUES(5,2,'change_logentry','Can change log entry');
INSERT INTO auth_permission VALUES(6,2,'delete_logentry','Can delete log entry');
INSERT INTO auth_permission VALUES(7,3,'add_permission','Can add permission');
INSERT INTO auth_permission VALUES(8,3,'change_permission','Can change permission');
INSERT INTO auth_permission VALUES(9,3,'delete_permission','Can delete permission');
INSERT INTO auth_permission VALUES(10,4,'add_group','Can add group');
INSERT INTO auth_permission VALUES(11,4,'change_group','Can change group');
INSERT INTO auth_permission VALUES(12,4,'delete_group','Can delete group');
INSERT INTO auth_permission VALUES(13,5,'add_user','Can add user');
INSERT INTO auth_permission VALUES(14,5,'change_user','Can change user');
INSERT INTO auth_permission VALUES(15,5,'delete_user','Can delete user');
INSERT INTO auth_permission VALUES(16,6,'add_contenttype','Can add content type');
INSERT INTO auth_permission VALUES(17,6,'change_contenttype','Can change content type');
INSERT INTO auth_permission VALUES(18,6,'delete_contenttype','Can delete content type');
INSERT INTO auth_permission VALUES(19,7,'add_session','Can add session');
INSERT INTO auth_permission VALUES(20,7,'change_session','Can change session');
INSERT INTO auth_permission VALUES(21,7,'delete_session','Can delete session');
INSERT INTO auth_permission VALUES(22,8,'add_plan','Can add plan');
INSERT INTO auth_permission VALUES(23,8,'change_plan','Can change plan');
INSERT INTO auth_permission VALUES(24,8,'delete_plan','Can delete plan');
INSERT INTO auth_permission VALUES(25,9,'add_nutrition','Can add nutrition');
INSERT INTO auth_permission VALUES(26,9,'change_nutrition','Can change nutrition');
INSERT INTO auth_permission VALUES(27,9,'delete_nutrition','Can delete nutrition');
INSERT INTO auth_permission VALUES(28,10,'add_workout','Can add workout');
INSERT INTO auth_permission VALUES(29,10,'change_workout','Can change workout');
INSERT INTO auth_permission VALUES(30,10,'delete_workout','Can delete workout');
INSERT INTO auth_permission VALUES(31,11,'add_set','Can add set');
INSERT INTO auth_permission VALUES(32,11,'change_set','Can change set');
INSERT INTO auth_permission VALUES(33,11,'delete_set','Can delete set');
INSERT INTO auth_permission VALUES(34,12,'add_userprofileinfo','Can add user profile info');
INSERT INTO auth_permission VALUES(35,12,'change_userprofileinfo','Can change user profile info');
INSERT INTO auth_permission VALUES(36,12,'delete_userprofileinfo','Can delete user profile info');
INSERT INTO auth_permission VALUES(37,13,'add_weightlist','Can add weight list');
INSERT INTO auth_permission VALUES(38,13,'change_weightlist','Can change weight list');
INSERT INTO auth_permission VALUES(39,13,'delete_weightlist','Can delete weight list');
INSERT INTO auth_permission VALUES(40,14,'add_group','Can add group');
INSERT INTO auth_permission VALUES(41,14,'change_group','Can change group');
INSERT INTO auth_permission VALUES(42,14,'delete_group','Can delete group');
INSERT INTO auth_permission VALUES(43,15,'add_groupmember','Can add group member');
INSERT INTO auth_permission VALUES(44,15,'change_groupmember','Can change group member');
INSERT INTO auth_permission VALUES(45,15,'delete_groupmember','Can delete group member');
INSERT INTO auth_permission VALUES(46,16,'add_post','Can add post');
INSERT INTO auth_permission VALUES(47,16,'change_post','Can change post');
INSERT INTO auth_permission VALUES(48,16,'delete_post','Can delete post');
INSERT INTO auth_permission VALUES(49,17,'add_comment','Can add comment');
INSERT INTO auth_permission VALUES(50,17,'change_comment','Can change comment');
INSERT INTO auth_permission VALUES(51,17,'delete_comment','Can delete comment');
INSERT INTO auth_permission VALUES(52,18,'add_thread','Can add thread');
INSERT INTO auth_permission VALUES(53,18,'change_thread','Can change thread');
INSERT INTO auth_permission VALUES(54,18,'delete_thread','Can delete thread');
INSERT INTO auth_permission VALUES(55,19,'add_chatmessage','Can add chat message');
INSERT INTO auth_permission VALUES(56,19,'change_chatmessage','Can change chat message');
INSERT INTO auth_permission VALUES(57,19,'delete_chatmessage','Can delete chat message');
INSERT INTO auth_permission VALUES(58,18,'add_chat','Can add chat');
INSERT INTO auth_permission VALUES(59,18,'change_chat','Can change chat');
INSERT INTO auth_permission VALUES(60,18,'delete_chat','Can delete chat');
INSERT INTO auth_permission VALUES(61,19,'add_message','Can add message');
INSERT INTO auth_permission VALUES(62,19,'change_message','Can change message');
INSERT INTO auth_permission VALUES(63,19,'delete_message','Can delete message');
INSERT INTO auth_permission VALUES(64,20,'add_appointment','Can add appointment');
INSERT INTO auth_permission VALUES(65,20,'change_appointment','Can change appointment');
INSERT INTO auth_permission VALUES(66,20,'delete_appointment','Can delete appointment');
CREATE TABLE IF NOT EXISTS "auth_user" ("id" integer NOT NULL PRIMARY KEY AUTOINCREMENT, "password" varchar(128) NOT NULL, "last_login" datetime NULL, "is_superuser" bool NOT NULL, "username" varchar(150) NOT NULL UNIQUE, "first_name" varchar(30) NOT NULL, "email" varchar(254) NOT NULL, "is_staff" bool NOT NULL, "is_active" bool NOT NULL, "date_joined" datetime NOT NULL, "last_name" varchar(150) NOT NULL);
INSERT INTO auth_user VALUES(1,'pbkdf2_sha256$100000$6DiOuRH27HgC$je6Fb4rQtxp0jKgKGDE61Ok/uLvv4GWUaLmwhQ1sj24=','2018-08-23 15:22:43.901173',0,'admin2','','Avi@gmail.com',0,1,'2018-08-22 15:47:19.995454','');
INSERT INTO auth_user VALUES(2,'pbkdf2_sha256$100000$EQ0GjrCwMsdF$09vdcBkBXgQ669wbxqfCjKgdfXnirzeWqKHdYpI+q3c=','2018-08-22 15:49:32.500478',0,'ziv','','1223@gg.com',0,1,'2018-08-22 15:49:31.757845','');
INSERT INTO auth_user VALUES(3,'pbkdf2_sha256$100000$oyt4MfsixjR6$OAbq6fC3N+KE7EbT4QcB4y+p0pNoIsfCUPKHZdk2sL8=','2018-08-28 07:31:14.115681',1,'admin','Danny','admin@admin.com',1,1,'2018-08-22 16:42:56.816321','Dan');
INSERT INTO auth_user VALUES(4,'pbkdf2_sha256$100000$4s8IlkS0H5TP$SFTJHUtsoUBdRgDoIWuiO8qZWNVvneZNqViy9KLTLJg=','2018-08-23 15:35:37.177963',0,'Danny','Danny','ziv19933@gmail.com',0,1,'2018-08-22 16:44:09.371699','Dan');
INSERT INTO auth_user VALUES(5,'pbkdf2_sha256$100000$8hSOJC8XcgbA$3WkSnOx1/j+aQxFUEzacAtVSpbIm9183E+kfjRt+d/o=','2018-08-25 15:47:14.255527',0,'Dan','Danny','noam_le@hotmail.com',0,1,'2018-08-23 16:05:59.505591','Dan');
INSERT INTO auth_user VALUES(6,'pbkdf2_sha256$100000$j46eziwWYdqw$FUkPaWknUmQc+PE4NhVF24cafKmnJQB98J6WOntpkgo=','2018-08-25 17:46:39.754916',0,'Sam','','sam@gm.com',0,1,'2018-08-25 17:46:37.714687','');
CREATE TABLE IF NOT EXISTS "django_session" ("session_key" varchar(40) NOT NULL PRIMARY KEY, "session_data" text NOT NULL, "expire_date" datetime NOT NULL);
INSERT INTO django_session VALUES('s1pmvlnjyt0r6o7bywdgul6mpaaqs9z0','ZDNlMTM4YTc2MjA5ZWQ5OWI0YjExNGVjNzBlMmYzMjhmZmE2MzE5NTp7Il9hdXRoX3VzZXJfaWQiOiIzIiwiX2F1dGhfdXNlcl9iYWNrZW5kIjoiZGphbmdvLmNvbnRyaWIuYXV0aC5iYWNrZW5kcy5Nb2RlbEJhY2tlbmQiLCJfYXV0aF91c2VyX2hhc2giOiJmYWFkYjczOGVlNmM4NGJkZmM5N2JmNDEwMTgyN2VkMDk5M2VhODIzIn0=','2018-09-05 16:44:34.911332');
INSERT INTO django_session VALUES('adrn5c9am01m6kywdtt56u36xue2j044','OTE1ZDlhMzU2Nzg3Y2M1NDQ0MTQzNWNmZTJmOTNhZWJiYzcyZWVmMDp7Il9hdXRoX3VzZXJfaWQiOiI0IiwiX2F1dGhfdXNlcl9iYWNrZW5kIjoiZGphbmdvLmNvbnRyaWIuYXV0aC5iYWNrZW5kcy5Nb2RlbEJhY2tlbmQiLCJfYXV0aF91c2VyX2hhc2giOiI5OTQ0ZGNjZTBlY2JmYmYwZGNhYTU5OGVlMzgzODllYjRhNzQ2NWI0In0=','2018-09-06 13:52:00.070717');
INSERT INTO django_session VALUES('dyzofmt1mptq85acm3i0zz789c2d8lwt','Yzg5MGY3MzMzNDllMzRiMDk1ZjhmNzhmZGIxNmUzYjcyOTk2ZTBkNzp7Il9hdXRoX3VzZXJfaWQiOiIxIiwiX2F1dGhfdXNlcl9iYWNrZW5kIjoiZGphbmdvLmNvbnRyaWIuYXV0aC5iYWNrZW5kcy5Nb2RlbEJhY2tlbmQiLCJfYXV0aF91c2VyX2hhc2giOiJjNTUwYTgyNjRmMGM5Yzg4ZDM3YzMyMWQwNzUyNGE0M2JhMTViOWY1In0=','2018-09-06 14:35:38.944988');
INSERT INTO django_session VALUES('zr4e9vk8kpxinwulnhkq3s1itv0q5ktp','YzY4Y2IyNWY4ZjQ0ODdmZGQwMmJjMzI5MWRiNGI1YmE5NDQ1MjI0Yzp7Il9hdXRoX3VzZXJfaWQiOiI1IiwiX2F1dGhfdXNlcl9iYWNrZW5kIjoiZGphbmdvLmNvbnRyaWIuYXV0aC5iYWNrZW5kcy5Nb2RlbEJhY2tlbmQiLCJfYXV0aF91c2VyX2hhc2giOiI2YTcyY2RkZjQ1ZDAzMGIyMmNhMzY1YjA0NDA5N2E3NTMxZGU2YzhiIn0=','2018-09-06 16:06:00.111818');
INSERT INTO django_session VALUES('49j2y41e1pikable12wq9fi0fr1zhmpx','ZDNlMTM4YTc2MjA5ZWQ5OWI0YjExNGVjNzBlMmYzMjhmZmE2MzE5NTp7Il9hdXRoX3VzZXJfaWQiOiIzIiwiX2F1dGhfdXNlcl9iYWNrZW5kIjoiZGphbmdvLmNvbnRyaWIuYXV0aC5iYWNrZW5kcy5Nb2RlbEJhY2tlbmQiLCJfYXV0aF91c2VyX2hhc2giOiJmYWFkYjczOGVlNmM4NGJkZmM5N2JmNDEwMTgyN2VkMDk5M2VhODIzIn0=','2018-09-11 07:31:14.242193');
CREATE TABLE IF NOT EXISTS "thumbnail_kvstore" ("key" varchar(200) NOT NULL PRIMARY KEY, "value" text NOT NULL);
CREATE TABLE IF NOT EXISTS "accounts_userprofileinfo" ("id" integer NOT NULL PRIMARY KEY AUTOINCREMENT, "profile_pic" varchar(100) NOT NULL, "description" varchar(250) NULL, "birth_date" date NULL, "height" real NULL, "body_fat" real NULL, "current_weight" real NULL, "user_id" integer NOT NULL UNIQUE REFERENCES "auth_user" ("id") DEFERRABLE INITIALLY DEFERRED);
INSERT INTO accounts_userprofileinfo VALUES(1,'',NULL,NULL,NULL,NULL,NULL,1);
INSERT INTO accounts_userprofileinfo VALUES(2,'',NULL,NULL,NULL,NULL,NULL,2);
INSERT INTO accounts_userprofileinfo VALUES(3,'profile_pics/artistry_beatriz_c_showcase-min.jpg',NULL,NULL,NULL,27.800000000000002486,88.799999999999990052,3);
INSERT INTO accounts_userprofileinfo VALUES(4,'',NULL,NULL,NULL,NULL,NULL,4);
INSERT INTO accounts_userprofileinfo VALUES(5,'profile_pics/artistry_Regan_r_showcase.jpg',NULL,'1988-07-02',1.8,29.0,90.0,5);
INSERT INTO accounts_userprofileinfo VALUES(6,'',NULL,NULL,NULL,NULL,NULL,6);
CREATE TABLE IF NOT EXISTS "accounts_weightlist" ("id" integer NOT NULL PRIMARY KEY AUTOINCREMENT, "weight" real NULL, "timestamp" datetime NULL, "body_fat" real NULL);
INSERT INTO accounts_weightlist VALUES(4,100.0,'2018-08-01 00:00:00',30.0);
INSERT INTO accounts_weightlist VALUES(5,98.000000000000007105,'2018-08-11 00:00:00',30.0);
INSERT INTO accounts_weightlist VALUES(7,100.0,'2018-07-01 00:00:00',30.0);
INSERT INTO accounts_weightlist VALUES(8,98.000000000000007105,'2018-07-08 00:00:00',30.0);
INSERT INTO accounts_weightlist VALUES(9,95.999999999999996447,'2018-07-22 00:00:00',29.0);
INSERT INTO accounts_weightlist VALUES(11,90.0,'2018-07-29 00:00:00',27.999999999999998223);
INSERT INTO accounts_weightlist VALUES(14,90.0,'2018-08-19 00:00:00',27.999999999999998223);
INSERT INTO accounts_weightlist VALUES(15,90.0,'2018-08-26 00:00:00',27.999999999999998223);
INSERT INTO accounts_weightlist VALUES(16,88.799999999999990052,'2018-08-31 00:00:00',27.800000000000002486);
INSERT INTO accounts_weightlist VALUES(17,90.0,'2018-08-01 00:00:00',29.0);
CREATE TABLE IF NOT EXISTS "accounts_userprofileinfo_weight_history" ("id" integer NOT NULL PRIMARY KEY AUTOINCREMENT, "userprofileinfo_id" integer NOT NULL REFERENCES "accounts_userprofileinfo" ("id") DEFERRABLE INITIALLY DEFERRED, "weightlist_id" integer NOT NULL REFERENCES "accounts_weightlist" ("id") DEFERRABLE INITIALLY DEFERRED);
INSERT INTO accounts_userprofileinfo_weight_history VALUES(4,3,4);
INSERT INTO accounts_userprofileinfo_weight_history VALUES(5,3,5);
INSERT INTO accounts_userprofileinfo_weight_history VALUES(7,5,7);
INSERT INTO accounts_userprofileinfo_weight_history VALUES(8,5,8);
INSERT INTO accounts_userprofileinfo_weight_history VALUES(9,5,9);
INSERT INTO accounts_userprofileinfo_weight_history VALUES(11,5,11);
INSERT INTO accounts_userprofileinfo_weight_history VALUES(14,3,14);
INSERT INTO accounts_userprofileinfo_weight_history VALUES(15,3,15);
INSERT INTO accounts_userprofileinfo_weight_history VALUES(16,3,16);
INSERT INTO accounts_userprofileinfo_weight_history VALUES(17,5,17);
CREATE TABLE IF NOT EXISTS "activities_comment" ("id" integer NOT NULL PRIMARY KEY AUTOINCREMENT, "content" text NOT NULL, "timestamp" datetime NOT NULL, "object_id" integer unsigned NOT NULL, "content_type_id" integer NOT NULL REFERENCES "django_content_type" ("id") DEFERRABLE INITIALLY DEFERRED, "user_id" integer NOT NULL REFERENCES "auth_user" ("id") DEFERRABLE INITIALLY DEFERRED);
INSERT INTO activities_comment VALUES(107,'hi','2018-08-24 16:31:40.101835',6,16,3);
INSERT INTO activities_comment VALUES(108,'hi!','2018-08-25 08:31:50.836169',6,16,3);
CREATE TABLE IF NOT EXISTS "groups_groupmember" ("id" integer NOT NULL PRIMARY KEY AUTOINCREMENT, "date" datetime NOT NULL, "group_id" integer NOT NULL REFERENCES "groups_group" ("id") DEFERRABLE INITIALLY DEFERRED, "user_id" integer NOT NULL REFERENCES "auth_user" ("id") DEFERRABLE INITIALLY DEFERRED);
INSERT INTO groups_groupmember VALUES(2,'2018-08-23 16:08:24.073959',1,5);
CREATE TABLE IF NOT EXISTS "groups_group" ("id" integer NOT NULL PRIMARY KEY AUTOINCREMENT, "name" varchar(255) NOT NULL UNIQUE, "slug" varchar(50) NOT NULL UNIQUE, "description" text NOT NULL, "description_html" text NOT NULL);
INSERT INTO groups_group VALUES(1,'5K running team','5k-running-team','Couch to 5K is a nine-week running plan for complete beginners, delivered through a series of podcasts',replace('<p>Couch to 5K is a nine-week running plan for complete beginners, delivered through a series of podcasts</p>\n','\n',char(10)));
CREATE TABLE IF NOT EXISTS "posts_post" ("id" integer NOT NULL PRIMARY KEY AUTOINCREMENT, "created_at" datetime NOT NULL, "message" text NOT NULL, "message_html" text NOT NULL, "slug" varchar(50) NOT NULL, "date_of_like" datetime NULL, "post_pic" varchar(100) NOT NULL, "group_id" integer NULL REFERENCES "groups_group" ("id") DEFERRABLE INITIALLY DEFERRED, "user_id" integer NOT NULL REFERENCES "auth_user" ("id") DEFERRABLE INITIALLY DEFERRED);
INSERT INTO posts_post VALUES(1,'2018-08-22 16:45:59.406809','Welcome to new group',replace('<p>Welcome to new group</p>\n','\n',char(10)),'welcome-to-new-group',NULL,'',1,1);
INSERT INTO posts_post VALUES(2,'2018-08-22 16:46:07.017394','hey!!',replace('<p>hey!!</p>\n','\n',char(10)),'hey',NULL,'',1,3);
INSERT INTO posts_post VALUES(3,'2018-08-23 16:08:06.750790','hey',replace('<p>hey</p>\n','\n',char(10)),'hey',NULL,'post_pic/artistry_Regan_r_showcase.jpg',1,5);
INSERT INTO posts_post VALUES(5,'2018-08-24 14:23:46.449514','what up',replace('<p>what up</p>\n','\n',char(10)),'what-up',NULL,'',1,3);
INSERT INTO posts_post VALUES(6,'2018-08-24 15:35:04.056148','HELLO',replace('<p>HELLO</p>\n','\n',char(10)),'hello',NULL,'',1,3);
INSERT INTO posts_post VALUES(7,'2018-08-25 15:53:59.448266','HI!',replace('<p>HI!</p>\n','\n',char(10)),'hi',NULL,'',1,5);
CREATE TABLE IF NOT EXISTS "posts_post_likes" ("id" integer NOT NULL PRIMARY KEY AUTOINCREMENT, "post_id" integer NOT NULL REFERENCES "posts_post" ("id") DEFERRABLE INITIALLY DEFERRED, "user_id" integer NOT NULL REFERENCES "auth_user" ("id") DEFERRABLE INITIALLY DEFERRED);
INSERT INTO posts_post_likes VALUES(3,2,3);
INSERT INTO posts_post_likes VALUES(60,6,3);
INSERT INTO posts_post_likes VALUES(62,5,3);
CREATE TABLE IF NOT EXISTS "messenger_thread" ("id" integer NOT NULL PRIMARY KEY AUTOINCREMENT, "updated" datetime NOT NULL, "timestamp" datetime NOT NULL, "first_id" integer NOT NULL REFERENCES "auth_user" ("id") DEFERRABLE INITIALLY DEFERRED, "second_id" integer NOT NULL REFERENCES "auth_user" ("id") DEFERRABLE INITIALLY DEFERRED);
INSERT INTO messenger_thread VALUES(33,'2018-08-23 18:19:55.550952','2018-08-23 18:19:55.550952',3,1);
INSERT INTO messenger_thread VALUES(34,'2018-08-23 18:59:39.076787','2018-08-23 18:59:39.076787',3,5);
INSERT INTO messenger_thread VALUES(35,'2018-08-23 19:14:09.245766','2018-08-23 19:14:09.245766',3,4);
INSERT INTO messenger_thread VALUES(36,'2018-08-23 19:20:12.126723','2018-08-23 19:20:12.126723',3,2);
INSERT INTO messenger_thread VALUES(37,'2018-08-25 08:35:58.213784','2018-08-25 08:35:58.213784',5,1);
INSERT INTO messenger_thread VALUES(38,'2018-08-25 08:35:59.645894','2018-08-25 08:35:59.645894',5,2);
INSERT INTO messenger_thread VALUES(39,'2018-08-25 08:36:00.756707','2018-08-25 08:36:00.756707',5,4);
CREATE TABLE IF NOT EXISTS "nutrition_plan" ("id" integer NOT NULL PRIMARY KEY AUTOINCREMENT, "user_id" integer NOT NULL REFERENCES "auth_user" ("id") DEFERRABLE INITIALLY DEFERRED, "subtitle" varchar(40) NOT NULL, "date" date NOT NULL);
INSERT INTO nutrition_plan VALUES(1,5,'Menu 1','2018-08-25');
CREATE TABLE IF NOT EXISTS "nutrition_nutrition" ("id" integer NOT NULL PRIMARY KEY AUTOINCREMENT, "plan_id" integer NOT NULL REFERENCES "nutrition_plan" ("id") DEFERRABLE INITIALLY DEFERRED, "time" time NULL, "description" text NOT NULL, "amount" integer NOT NULL, "energy" real NOT NULL);
INSERT INTO nutrition_nutrition VALUES(1,1,'10:00:00','Apple',3,200.0);
CREATE TABLE IF NOT EXISTS "workout_workout" ("id" integer NOT NULL PRIMARY KEY AUTOINCREMENT, "user_id" integer NOT NULL REFERENCES "auth_user" ("id") DEFERRABLE INITIALLY DEFERRED, "creation_date" date NOT NULL, "day" integer NOT NULL, "title" varchar(15) NOT NULL);
CREATE TABLE IF NOT EXISTS "workout_set" ("id" integer NOT NULL PRIMARY KEY AUTOINCREMENT, "workout_id" integer NOT NULL REFERENCES "workout_workout" ("id") DEFERRABLE INITIALLY DEFERRED, "exercise" text NOT NULL, "order" integer NULL, "sets" integer NOT NULL, "reps" integer NOT NULL, "unit" integer NOT NULL);
CREATE TABLE IF NOT EXISTS "messenger_chatmessage" ("id" integer NOT NULL PRIMARY KEY AUTOINCREMENT, "message" text NOT NULL, "timestamp" datetime NOT NULL, "user_id" integer NOT NULL REFERENCES "auth_user" ("id") DEFERRABLE INITIALLY DEFERRED, "thread_id" integer NULL REFERENCES "messenger_thread" ("id") DEFERRABLE INITIALLY DEFERRED);
INSERT INTO messenger_chatmessage VALUES(1,'zxZ','2018-08-22 15:50:49.415834',2,NULL);
INSERT INTO messenger_chatmessage VALUES(2,'0.','2018-08-22 16:00:36.952319',2,NULL);
INSERT INTO messenger_chatmessage VALUES(3,'l;k;lklk','2018-08-22 16:00:42.048385',2,NULL);
INSERT INTO messenger_chatmessage VALUES(4,'sdfdsf','2018-08-22 16:16:33.263210',2,NULL);
INSERT INTO messenger_chatmessage VALUES(5,'hey','2018-08-22 16:28:55.618550',2,NULL);
INSERT INTO messenger_chatmessage VALUES(6,'asdasd','2018-08-22 16:29:03.216076',2,NULL);
INSERT INTO messenger_chatmessage VALUES(7,'sad','2018-08-22 16:29:10.992114',2,NULL);
INSERT INTO messenger_chatmessage VALUES(8,'gfdgfsdg','2018-08-22 16:29:15.964953',2,NULL);
INSERT INTO messenger_chatmessage VALUES(9,'sadsadsad','2018-08-22 16:31:13.077128',2,NULL);
INSERT INTO messenger_chatmessage VALUES(10,'hey','2018-08-22 16:57:50.653157',3,NULL);
INSERT INTO messenger_chatmessage VALUES(11,'1231','2018-08-22 16:57:57.061161',3,NULL);
INSERT INTO messenger_chatmessage VALUES(12,'3232','2018-08-22 16:58:06.248187',3,NULL);
INSERT INTO messenger_chatmessage VALUES(13,'213123','2018-08-22 16:58:16.973485',3,NULL);
INSERT INTO messenger_chatmessage VALUES(14,'23','2018-08-22 16:59:40.535931',3,NULL);
INSERT INTO messenger_chatmessage VALUES(15,'4154','2018-08-22 17:00:12.622476',3,NULL);
INSERT INTO messenger_chatmessage VALUES(16,'21231','2018-08-22 17:00:36.599311',3,NULL);
INSERT INTO messenger_chatmessage VALUES(17,'2121','2018-08-22 17:01:31.004238',3,NULL);
INSERT INTO messenger_chatmessage VALUES(18,'ljkl;','2018-08-22 17:02:57.122049',3,NULL);
INSERT INTO messenger_chatmessage VALUES(19,'lklk;lkl;k','2018-08-22 17:03:00.274639',3,NULL);
INSERT INTO messenger_chatmessage VALUES(20,'hey','2018-08-22 17:06:12.053478',3,NULL);
INSERT INTO messenger_chatmessage VALUES(21,'hey','2018-08-22 17:06:18.517447',3,NULL);
INSERT INTO messenger_chatmessage VALUES(22,'hey','2018-08-22 17:21:55.251090',3,NULL);
INSERT INTO messenger_chatmessage VALUES(23,'231','2018-08-22 17:23:03.116007',3,NULL);
INSERT INTO messenger_chatmessage VALUES(24,'123','2018-08-22 17:23:47.762232',3,NULL);
INSERT INTO messenger_chatmessage VALUES(25,'21321','2018-08-22 17:24:10.299319',3,NULL);
INSERT INTO messenger_chatmessage VALUES(26,'.0..021531','2018-08-22 17:24:30.483851',3,NULL);
INSERT INTO messenger_chatmessage VALUES(27,'0','2018-08-22 17:24:51.142396',3,NULL);
INSERT INTO messenger_chatmessage VALUES(28,'32','2018-08-22 17:25:19.764950',3,NULL);
INSERT INTO messenger_chatmessage VALUES(29,'2','2018-08-22 17:25:29.150316',3,NULL);
INSERT INTO messenger_chatmessage VALUES(30,'sdsd','2018-08-22 17:27:13.730962',3,NULL);
INSERT INTO messenger_chatmessage VALUES(31,'sdsdsd','2018-08-22 17:27:17.107944',3,NULL);
INSERT INTO messenger_chatmessage VALUES(32,'dsfdsf','2018-08-22 17:27:20.301409',3,NULL);
INSERT INTO messenger_chatmessage VALUES(33,'22222222','2018-08-22 17:27:28.829597',3,NULL);
INSERT INTO messenger_chatmessage VALUES(34,'232','2018-08-22 17:27:57.033119',3,NULL);
INSERT INTO messenger_chatmessage VALUES(35,'23','2018-08-22 17:38:42.439259',3,NULL);
INSERT INTO messenger_chatmessage VALUES(36,'dfgfdg','2018-08-23 12:19:54.965012',3,NULL);
INSERT INTO messenger_chatmessage VALUES(37,'dfgdfg','2018-08-23 12:19:59.636142',3,NULL);
INSERT INTO messenger_chatmessage VALUES(38,'fdgfdg','2018-08-23 12:20:06.118237',3,NULL);
INSERT INTO messenger_chatmessage VALUES(39,'dfdsf','2018-08-23 12:21:52.854442',3,NULL);
INSERT INTO messenger_chatmessage VALUES(40,'ghm','2018-08-23 12:22:04.528008',3,NULL);
INSERT INTO messenger_chatmessage VALUES(41,'dfdsf','2018-08-23 12:22:59.142385',3,NULL);
INSERT INTO messenger_chatmessage VALUES(42,'fsdf','2018-08-23 12:24:30.210901',3,NULL);
INSERT INTO messenger_chatmessage VALUES(43,'dsfsdf','2018-08-23 12:24:35.205683',3,NULL);
INSERT INTO messenger_chatmessage VALUES(44,'sdfsdf','2018-08-23 12:33:35.787191',3,NULL);
INSERT INTO messenger_chatmessage VALUES(45,'dfsdf','2018-08-23 12:34:20.211177',3,NULL);
INSERT INTO messenger_chatmessage VALUES(46,'23231','2018-08-23 12:34:52.473653',3,NULL);
INSERT INTO messenger_chatmessage VALUES(47,'dsfdsf','2018-08-23 12:35:00.174142',3,NULL);
INSERT INTO messenger_chatmessage VALUES(48,'dfdsfds','2018-08-23 12:35:03.681477',3,NULL);
INSERT INTO messenger_chatmessage VALUES(49,'xzc','2018-08-23 12:35:21.828484',3,NULL);
INSERT INTO messenger_chatmessage VALUES(50,'bc','2018-08-23 12:35:32.435473',3,NULL);
INSERT INTO messenger_chatmessage VALUES(51,'dfsdf','2018-08-23 12:35:48.829284',3,NULL);
INSERT INTO messenger_chatmessage VALUES(52,'dsfdfs','2018-08-23 12:35:53.063069',3,NULL);
INSERT INTO messenger_chatmessage VALUES(53,'sdfdsf','2018-08-23 12:36:13.041822',3,NULL);
INSERT INTO messenger_chatmessage VALUES(54,'2','2018-08-23 12:38:31.150133',3,NULL);
INSERT INTO messenger_chatmessage VALUES(55,'5','2018-08-23 12:38:35.567109',3,NULL);
INSERT INTO messenger_chatmessage VALUES(56,'dsfdsf','2018-08-23 12:40:35.623160',3,NULL);
INSERT INTO messenger_chatmessage VALUES(57,'5','2018-08-23 12:42:17.626015',3,NULL);
INSERT INTO messenger_chatmessage VALUES(58,'d','2018-08-23 12:42:35.189677',3,NULL);
INSERT INTO messenger_chatmessage VALUES(59,'dsf','2018-08-23 12:43:12.444973',3,NULL);
INSERT INTO messenger_chatmessage VALUES(60,'dfdsf','2018-08-23 12:48:38.438716',3,NULL);
INSERT INTO messenger_chatmessage VALUES(61,'gfgg','2018-08-23 12:49:12.355891',3,NULL);
INSERT INTO messenger_chatmessage VALUES(62,'dfgfdg','2018-08-23 12:49:15.180865',3,NULL);
INSERT INTO messenger_chatmessage VALUES(63,'dfgfdgd','2018-08-23 12:49:17.595600',3,NULL);
INSERT INTO messenger_chatmessage VALUES(64,'dfgfdg','2018-08-23 12:49:29.517568',3,NULL);
INSERT INTO messenger_chatmessage VALUES(65,'dfgdfg','2018-08-23 12:49:31.550317',3,NULL);
INSERT INTO messenger_chatmessage VALUES(66,'gggg','2018-08-23 12:49:40.430489',3,NULL);
INSERT INTO messenger_chatmessage VALUES(67,'dsfsdfsdf','2018-08-23 12:49:47.953062',3,NULL);
INSERT INTO messenger_chatmessage VALUES(68,'fdsfdsf','2018-08-23 12:50:06.148033',3,NULL);
INSERT INTO messenger_chatmessage VALUES(69,'2','2018-08-23 12:50:22.941880',3,NULL);
INSERT INTO messenger_chatmessage VALUES(70,'sdfsdf','2018-08-23 12:52:04.819275',3,NULL);
INSERT INTO messenger_chatmessage VALUES(71,'2','2018-08-23 13:40:06.032106',3,NULL);
INSERT INTO messenger_chatmessage VALUES(72,'heyy','2018-08-23 13:40:44.893035',3,NULL);
INSERT INTO messenger_chatmessage VALUES(73,'2','2018-08-23 13:42:01.822706',3,NULL);
INSERT INTO messenger_chatmessage VALUES(74,'2','2018-08-23 13:42:24.890428',3,NULL);
INSERT INTO messenger_chatmessage VALUES(75,'2','2018-08-23 13:44:23.379216',3,NULL);
INSERT INTO messenger_chatmessage VALUES(76,'2133','2018-08-23 13:44:27.790038',3,NULL);
INSERT INTO messenger_chatmessage VALUES(77,'dsfsd','2018-08-23 13:45:05.480856',3,NULL);
INSERT INTO messenger_chatmessage VALUES(78,'sdf','2018-08-23 13:46:36.111979',3,NULL);
INSERT INTO messenger_chatmessage VALUES(79,'sdfdsf','2018-08-23 13:46:41.125913',3,NULL);
INSERT INTO messenger_chatmessage VALUES(80,'s','2018-08-23 13:46:45.581697',3,NULL);
INSERT INTO messenger_chatmessage VALUES(81,'sd','2018-08-23 13:48:15.648282',3,NULL);
INSERT INTO messenger_chatmessage VALUES(82,'sdfdsf','2018-08-23 13:48:47.749901',3,NULL);
INSERT INTO messenger_chatmessage VALUES(83,'cxc','2018-08-23 13:49:28.593055',3,NULL);
INSERT INTO messenger_chatmessage VALUES(84,'dsad','2018-08-23 13:50:18.845910',3,NULL);
INSERT INTO messenger_chatmessage VALUES(85,'2','2018-08-23 13:50:23.848795',3,NULL);
INSERT INTO messenger_chatmessage VALUES(86,'ddd','2018-08-23 13:50:57.555566',3,NULL);
INSERT INTO messenger_chatmessage VALUES(87,'hey!','2018-08-23 13:51:23.873922',3,NULL);
INSERT INTO messenger_chatmessage VALUES(88,'hey','2018-08-23 13:52:25.248904',4,NULL);
INSERT INTO messenger_chatmessage VALUES(89,'what up','2018-08-23 13:53:33.224796',3,NULL);
INSERT INTO messenger_chatmessage VALUES(90,'OK','2018-08-23 13:54:52.692841',4,NULL);
INSERT INTO messenger_chatmessage VALUES(91,'2','2018-08-23 13:55:22.631172',3,NULL);
INSERT INTO messenger_chatmessage VALUES(92,'3','2018-08-23 13:56:26.925019',3,NULL);
INSERT INTO messenger_chatmessage VALUES(93,'SDS','2018-08-23 13:56:46.179817',3,NULL);
INSERT INTO messenger_chatmessage VALUES(94,'sdsad','2018-08-23 13:58:55.547373',3,NULL);
INSERT INTO messenger_chatmessage VALUES(95,'sdsd','2018-08-23 13:59:44.923579',3,NULL);
INSERT INTO messenger_chatmessage VALUES(96,'sadsa','2018-08-23 13:59:58.434386',3,NULL);
INSERT INTO messenger_chatmessage VALUES(97,'dsf','2018-08-23 14:00:08.363183',3,NULL);
INSERT INTO messenger_chatmessage VALUES(98,'fsdfs','2018-08-23 14:01:09.284272',3,NULL);
INSERT INTO messenger_chatmessage VALUES(99,'sdsad','2018-08-23 14:01:17.901351',3,NULL);
INSERT INTO messenger_chatmessage VALUES(100,'sdasad','2018-08-23 14:01:29.670354',3,NULL);
INSERT INTO messenger_chatmessage VALUES(101,'f','2018-08-23 14:02:34.791242',3,NULL);
INSERT INTO messenger_chatmessage VALUES(102,'dfg','2018-08-23 14:02:42.127655',3,NULL);
INSERT INTO messenger_chatmessage VALUES(103,'0','2018-08-23 14:03:08.882443',3,NULL);
INSERT INTO messenger_chatmessage VALUES(104,'dfdsf','2018-08-23 14:03:23.772858',3,NULL);
INSERT INTO messenger_chatmessage VALUES(105,'fg','2018-08-23 14:03:40.718355',3,NULL);
INSERT INTO messenger_chatmessage VALUES(106,'sdfdfs','2018-08-23 14:04:20.005321',3,NULL);
INSERT INTO messenger_chatmessage VALUES(107,'32','2018-08-23 14:04:44.144797',3,NULL);
INSERT INTO messenger_chatmessage VALUES(108,'+','2018-08-23 14:05:12.292513',3,NULL);
INSERT INTO messenger_chatmessage VALUES(109,'dsffds','2018-08-23 14:06:03.506778',3,NULL);
INSERT INTO messenger_chatmessage VALUES(110,'dfsd','2018-08-23 14:06:47.846759',3,NULL);
INSERT INTO messenger_chatmessage VALUES(111,'sdfdsf','2018-08-23 14:09:19.002865',3,NULL);
INSERT INTO messenger_chatmessage VALUES(112,'fsdfsd','2018-08-23 14:09:23.018725',3,NULL);
INSERT INTO messenger_chatmessage VALUES(113,'dfsdfdsf','2018-08-23 14:09:31.411676',3,NULL);
INSERT INTO messenger_chatmessage VALUES(114,'dsfdsf','2018-08-23 14:09:35.949049',3,NULL);
INSERT INTO messenger_chatmessage VALUES(115,'dsfdsf','2018-08-23 14:09:48.166546',3,NULL);
INSERT INTO messenger_chatmessage VALUES(116,'sadsad','2018-08-23 14:10:00.400967',3,NULL);
INSERT INTO messenger_chatmessage VALUES(117,'dsfdsfds','2018-08-23 14:10:14.258716',3,NULL);
INSERT INTO messenger_chatmessage VALUES(118,'56','2018-08-23 14:10:39.222359',3,NULL);
INSERT INTO messenger_chatmessage VALUES(119,'asdsad','2018-08-23 14:11:10.505484',3,NULL);
INSERT INTO messenger_chatmessage VALUES(120,'sadsd','2018-08-23 14:11:15.673871',3,NULL);
INSERT INTO messenger_chatmessage VALUES(121,'sadsadsad','2018-08-23 14:11:20.529560',3,NULL);
INSERT INTO messenger_chatmessage VALUES(122,'231','2018-08-23 14:11:50.108425',3,NULL);
INSERT INTO messenger_chatmessage VALUES(123,'222','2018-08-23 14:12:09.768879',3,NULL);
INSERT INTO messenger_chatmessage VALUES(124,'er','2018-08-23 14:12:28.963587',4,NULL);
INSERT INTO messenger_chatmessage VALUES(125,'trdgdf','2018-08-23 14:12:32.613477',4,NULL);
INSERT INTO messenger_chatmessage VALUES(126,'dfsdf','2018-08-23 14:12:45.308517',3,NULL);
INSERT INTO messenger_chatmessage VALUES(127,'dddd','2018-08-23 14:14:27.972425',3,NULL);
INSERT INTO messenger_chatmessage VALUES(128,'dfsdf','2018-08-23 14:14:32.316841',3,NULL);
INSERT INTO messenger_chatmessage VALUES(129,'hey','2018-08-23 14:15:52.255390',3,NULL);
INSERT INTO messenger_chatmessage VALUES(130,'hey','2018-08-23 14:16:18.385561',3,NULL);
INSERT INTO messenger_chatmessage VALUES(131,'how you doing','2018-08-23 14:16:51.940907',3,NULL);
INSERT INTO messenger_chatmessage VALUES(132,'2123','2018-08-23 14:17:45.127587',3,NULL);
INSERT INTO messenger_chatmessage VALUES(133,'6','2018-08-23 14:22:23.256382',3,NULL);
INSERT INTO messenger_chatmessage VALUES(134,'fdg','2018-08-23 14:22:46.947381',3,NULL);
INSERT INTO messenger_chatmessage VALUES(135,'fg','2018-08-23 14:22:58.751773',3,NULL);
INSERT INTO messenger_chatmessage VALUES(136,'dsfdsf','2018-08-23 14:23:04.568277',3,NULL);
INSERT INTO messenger_chatmessage VALUES(137,'dsfsdf','2018-08-23 14:23:11.967991',3,NULL);
INSERT INTO messenger_chatmessage VALUES(138,'hey','2018-08-23 14:24:02.376063',3,NULL);
INSERT INTO messenger_chatmessage VALUES(139,'2','2018-08-23 14:25:18.253681',3,NULL);
INSERT INTO messenger_chatmessage VALUES(140,'sdfsd','2018-08-23 14:25:46.770053',3,NULL);
INSERT INTO messenger_chatmessage VALUES(141,'fdgdfg','2018-08-23 14:25:51.392757',3,NULL);
INSERT INTO messenger_chatmessage VALUES(142,'3','2018-08-23 14:26:31.591968',3,NULL);
INSERT INTO messenger_chatmessage VALUES(143,'2','2018-08-23 14:27:31.434779',3,NULL);
INSERT INTO messenger_chatmessage VALUES(144,'hey','2018-08-23 14:35:52.483100',1,NULL);
INSERT INTO messenger_chatmessage VALUES(145,'hey','2018-08-23 14:36:02.518871',1,NULL);
INSERT INTO messenger_chatmessage VALUES(146,'2','2018-08-23 14:36:10.287786',1,NULL);
INSERT INTO messenger_chatmessage VALUES(147,'3','2018-08-23 14:36:13.111320',1,NULL);
INSERT INTO messenger_chatmessage VALUES(148,'1','2018-08-23 14:36:20.239746',1,NULL);
INSERT INTO messenger_chatmessage VALUES(149,'2','2018-08-23 14:36:28.015554',1,NULL);
INSERT INTO messenger_chatmessage VALUES(150,'1','2018-08-23 14:36:32.978783',1,NULL);
INSERT INTO messenger_chatmessage VALUES(151,'3','2018-08-23 14:36:36.155938',1,NULL);
INSERT INTO messenger_chatmessage VALUES(152,'3','2018-08-23 14:36:38.947618',1,NULL);
INSERT INTO messenger_chatmessage VALUES(153,'2','2018-08-23 14:36:41.971666',1,NULL);
INSERT INTO messenger_chatmessage VALUES(154,'1','2018-08-23 14:36:58.524617',1,NULL);
INSERT INTO messenger_chatmessage VALUES(155,'het','2018-08-23 15:23:09.742340',1,NULL);
INSERT INTO messenger_chatmessage VALUES(156,'what up','2018-08-23 15:23:35.426825',1,NULL);
INSERT INTO messenger_chatmessage VALUES(157,'1321','2018-08-23 15:23:43.385020',1,NULL);
INSERT INTO messenger_chatmessage VALUES(158,'dfsdf','2018-08-23 15:24:26.742115',1,NULL);
INSERT INTO messenger_chatmessage VALUES(159,'123','2018-08-23 15:24:33.093208',1,NULL);
INSERT INTO messenger_chatmessage VALUES(160,'hey','2018-08-23 15:36:51.071973',4,NULL);
INSERT INTO messenger_chatmessage VALUES(161,'dsfd','2018-08-23 17:01:58.637788',3,NULL);
INSERT INTO messenger_chatmessage VALUES(162,'hey','2018-08-23 17:02:41.822795',3,NULL);
INSERT INTO messenger_chatmessage VALUES(163,'what up','2018-08-23 17:02:51.576186',3,NULL);
INSERT INTO messenger_chatmessage VALUES(164,'G','2018-08-23 17:03:41.122419',3,NULL);
INSERT INTO messenger_chatmessage VALUES(165,'SAD','2018-08-23 17:05:15.156303',3,NULL);
INSERT INTO messenger_chatmessage VALUES(166,'SDSD','2018-08-23 17:05:32.710276',3,NULL);
INSERT INTO messenger_chatmessage VALUES(167,'2','2018-08-23 17:06:53.420132',3,NULL);
INSERT INTO messenger_chatmessage VALUES(168,'2','2018-08-23 17:07:13.959236',3,NULL);
INSERT INTO messenger_chatmessage VALUES(169,'.0','2018-08-23 17:08:35.091388',3,NULL);
INSERT INTO messenger_chatmessage VALUES(170,'0','2018-08-23 17:12:41.111598',3,NULL);
INSERT INTO messenger_chatmessage VALUES(171,'hey','2018-08-23 17:23:03.440582',3,NULL);
INSERT INTO messenger_chatmessage VALUES(172,'hey!','2018-08-23 17:32:01.187316',3,NULL);
INSERT INTO messenger_chatmessage VALUES(173,'hey','2018-08-23 18:01:02.952966',3,NULL);
INSERT INTO messenger_chatmessage VALUES(174,'hey','2018-08-23 18:01:46.433157',3,NULL);
INSERT INTO messenger_chatmessage VALUES(175,'sdfsdf','2018-08-23 18:02:03.217541',3,NULL);
INSERT INTO messenger_chatmessage VALUES(176,'sdfdsfsdf','2018-08-23 18:02:06.684313',3,NULL);
INSERT INTO messenger_chatmessage VALUES(177,'zXZX','2018-08-23 18:02:20.457473',3,NULL);
INSERT INTO messenger_chatmessage VALUES(178,'123123','2018-08-23 18:02:29.970929',3,NULL);
INSERT INTO messenger_chatmessage VALUES(179,'sdfsdf','2018-08-23 18:02:54.575062',3,NULL);
INSERT INTO messenger_chatmessage VALUES(180,'dfdsf','2018-08-23 18:03:54.492091',3,NULL);
INSERT INTO messenger_chatmessage VALUES(181,'dsfds','2018-08-23 18:04:17.880831',3,NULL);
INSERT INTO messenger_chatmessage VALUES(182,'90','2018-08-23 18:04:59.677281',3,NULL);
INSERT INTO messenger_chatmessage VALUES(183,'sdsfdf','2018-08-23 18:05:41.080239',3,NULL);
INSERT INTO messenger_chatmessage VALUES(184,'iuio','2018-08-23 18:06:32.904441',3,NULL);
INSERT INTO messenger_chatmessage VALUES(185,'khl\','2018-08-23 18:06:42.794701',3,NULL);
INSERT INTO messenger_chatmessage VALUES(186,'asds','2018-08-23 18:08:36.445263',3,NULL);
INSERT INTO messenger_chatmessage VALUES(187,'asd','2018-08-23 18:09:03.510998',3,NULL);
INSERT INTO messenger_chatmessage VALUES(188,'sdfds','2018-08-23 18:09:56.974499',3,NULL);
INSERT INTO messenger_chatmessage VALUES(189,'kj;l','2018-08-23 18:11:29.152158',3,NULL);
INSERT INTO messenger_chatmessage VALUES(190,'jhg','2018-08-23 18:11:35.178019',3,NULL);
INSERT INTO messenger_chatmessage VALUES(191,'fdsfsd','2018-08-23 18:12:17.797388',3,NULL);
INSERT INTO messenger_chatmessage VALUES(192,'sdfds','2018-08-23 18:13:01.886846',3,NULL);
INSERT INTO messenger_chatmessage VALUES(193,'opoi','2018-08-23 18:13:19.730802',3,NULL);
INSERT INTO messenger_chatmessage VALUES(194,'hh\','2018-08-23 18:13:27.594083',3,NULL);
INSERT INTO messenger_chatmessage VALUES(195,'hghg','2018-08-23 18:13:32.380670',3,NULL);
INSERT INTO messenger_chatmessage VALUES(196,'fghfhgjvjhguyguy','2018-08-23 18:13:37.957132',3,NULL);
INSERT INTO messenger_chatmessage VALUES(197,'sads','2018-08-23 18:14:24.632828',5,NULL);
INSERT INTO messenger_chatmessage VALUES(198,'lkjl','2018-08-23 18:14:39.924506',3,NULL);
INSERT INTO messenger_chatmessage VALUES(199,'iouiuyfufghggui]','2018-08-23 18:14:48.084980',3,NULL);
INSERT INTO messenger_chatmessage VALUES(200,'mm,','2018-08-23 18:14:59.300769',5,NULL);
INSERT INTO messenger_chatmessage VALUES(201,'jkj','2018-08-23 18:18:48.664937',3,NULL);
INSERT INTO messenger_chatmessage VALUES(202,'kl','2018-08-23 18:19:18.172940',3,NULL);
INSERT INTO messenger_chatmessage VALUES(203,'kl','2018-08-23 18:19:19.014320',3,NULL);
INSERT INTO messenger_chatmessage VALUES(204,'kl','2018-08-23 18:19:19.300737',3,NULL);
INSERT INTO messenger_chatmessage VALUES(205,'kl','2018-08-23 18:19:19.981060',3,NULL);
INSERT INTO messenger_chatmessage VALUES(206,'kl','2018-08-23 18:19:21.247682',3,NULL);
INSERT INTO messenger_chatmessage VALUES(207,'kl','2018-08-23 18:19:21.758610',3,NULL);
INSERT INTO messenger_chatmessage VALUES(208,'kl','2018-08-23 18:19:22.013496',3,NULL);
INSERT INTO messenger_chatmessage VALUES(209,'kl','2018-08-23 18:19:22.303357',3,NULL);
INSERT INTO messenger_chatmessage VALUES(210,'kl','2018-08-23 18:19:22.555335',3,NULL);
INSERT INTO messenger_chatmessage VALUES(211,'kl','2018-08-23 18:19:23.379640',3,NULL);
INSERT INTO messenger_chatmessage VALUES(212,'kl','2018-08-23 18:19:23.547216',3,NULL);
INSERT INTO messenger_chatmessage VALUES(213,'hh','2018-08-23 18:22:49.202117',3,33);
INSERT INTO messenger_chatmessage VALUES(214,'hh','2018-08-23 18:22:50.111693',3,33);
INSERT INTO messenger_chatmessage VALUES(215,'hh','2018-08-23 18:22:51.677155',3,33);
INSERT INTO messenger_chatmessage VALUES(216,'kjl','2018-08-23 18:24:20.353461',3,33);
INSERT INTO messenger_chatmessage VALUES(217,'n','2018-08-23 18:25:42.860224',3,33);
INSERT INTO messenger_chatmessage VALUES(218,'dsfdsfds','2018-08-23 19:01:02.908256',3,34);
INSERT INTO messenger_chatmessage VALUES(219,'dsfdsfds','2018-08-23 19:01:03.439729',3,34);
INSERT INTO messenger_chatmessage VALUES(220,'dsfdsfds','2018-08-23 19:01:03.935338',3,34);
INSERT INTO messenger_chatmessage VALUES(221,'dsfdsfds','2018-08-23 19:01:04.442573',3,34);
INSERT INTO messenger_chatmessage VALUES(222,'dsfdsfds','2018-08-23 19:01:04.997249',3,34);
INSERT INTO messenger_chatmessage VALUES(223,'dsfdsfds','2018-08-23 19:01:05.534523',3,34);
INSERT INTO messenger_chatmessage VALUES(224,'dsfdsfds','2018-08-23 19:01:06.054742',3,34);
INSERT INTO messenger_chatmessage VALUES(225,'dsfdsfds','2018-08-23 19:01:06.580144',3,34);
INSERT INTO messenger_chatmessage VALUES(226,'dsfdsfds','2018-08-23 19:01:07.081467',3,34);
INSERT INTO messenger_chatmessage VALUES(227,'dsfdsfds','2018-08-23 19:01:07.600811',3,34);
INSERT INTO messenger_chatmessage VALUES(228,'dsfdsfds','2018-08-23 19:01:08.116005',3,34);
INSERT INTO messenger_chatmessage VALUES(229,';lk','2018-08-23 19:01:32.665126',3,34);
INSERT INTO messenger_chatmessage VALUES(230,';lk','2018-08-23 19:01:33.314047',3,34);
INSERT INTO messenger_chatmessage VALUES(231,';lk','2018-08-23 19:01:33.824491',3,34);
INSERT INTO messenger_chatmessage VALUES(232,';lk','2018-08-23 19:01:34.338932',3,34);
INSERT INTO messenger_chatmessage VALUES(233,';lk','2018-08-23 19:01:34.876272',3,34);
INSERT INTO messenger_chatmessage VALUES(234,';lk','2018-08-23 19:01:35.399725',3,34);
INSERT INTO messenger_chatmessage VALUES(235,';lk','2018-08-23 19:01:35.926628',3,34);
INSERT INTO messenger_chatmessage VALUES(236,';lk','2018-08-23 19:01:36.450703',3,34);
INSERT INTO messenger_chatmessage VALUES(237,';lk','2018-08-23 19:01:36.961120',3,34);
INSERT INTO messenger_chatmessage VALUES(238,';lk','2018-08-23 19:01:37.489696',3,34);
INSERT INTO messenger_chatmessage VALUES(239,';lk','2018-08-23 19:01:38.022286',3,34);
INSERT INTO messenger_chatmessage VALUES(240,';lk','2018-08-23 19:01:38.558027',3,34);
INSERT INTO messenger_chatmessage VALUES(241,';lk','2018-08-23 19:01:39.089050',3,34);
INSERT INTO messenger_chatmessage VALUES(242,';lk','2018-08-23 19:01:39.601977',3,34);
INSERT INTO messenger_chatmessage VALUES(243,';lk','2018-08-23 19:01:40.135340',3,34);
INSERT INTO messenger_chatmessage VALUES(244,';lk','2018-08-23 19:01:40.663467',3,34);
INSERT INTO messenger_chatmessage VALUES(245,';lk','2018-08-23 19:01:41.211183',3,34);
INSERT INTO messenger_chatmessage VALUES(246,';lk','2018-08-23 19:01:41.732159',3,34);
INSERT INTO messenger_chatmessage VALUES(247,';lk','2018-08-23 19:01:42.246549',3,34);
INSERT INTO messenger_chatmessage VALUES(248,';lk','2018-08-23 19:01:42.762578',3,34);
INSERT INTO messenger_chatmessage VALUES(249,';lk','2018-08-23 19:01:43.268928',3,34);
INSERT INTO messenger_chatmessage VALUES(250,';lk','2018-08-23 19:01:43.802278',3,34);
INSERT INTO messenger_chatmessage VALUES(251,';lk','2018-08-23 19:01:44.335256',3,34);
INSERT INTO messenger_chatmessage VALUES(252,';lk','2018-08-23 19:01:44.846320',3,34);
INSERT INTO messenger_chatmessage VALUES(253,';lk','2018-08-23 19:01:45.362067',3,34);
INSERT INTO messenger_chatmessage VALUES(254,';lk','2018-08-23 19:01:45.898314',3,34);
INSERT INTO messenger_chatmessage VALUES(255,';lk','2018-08-23 19:01:46.467700',3,34);
INSERT INTO messenger_chatmessage VALUES(256,';lk','2018-08-23 19:01:47.012982',3,34);
INSERT INTO messenger_chatmessage VALUES(257,'c','2018-08-23 19:06:02.438272',3,34);
INSERT INTO messenger_chatmessage VALUES(258,'c','2018-08-23 19:06:02.957698',3,34);
INSERT INTO messenger_chatmessage VALUES(259,'c','2018-08-23 19:06:03.471380',3,34);
INSERT INTO messenger_chatmessage VALUES(260,'c','2018-08-23 19:06:03.966713',3,34);
INSERT INTO messenger_chatmessage VALUES(261,'c','2018-08-23 19:06:04.486798',3,34);
INSERT INTO messenger_chatmessage VALUES(262,'c','2018-08-23 19:06:04.992452',3,34);
INSERT INTO messenger_chatmessage VALUES(263,'c','2018-08-23 19:06:05.488465',3,34);
INSERT INTO messenger_chatmessage VALUES(264,'c','2018-08-23 19:06:06.006391',3,34);
INSERT INTO messenger_chatmessage VALUES(265,'c','2018-08-23 19:06:06.501135',3,34);
INSERT INTO messenger_chatmessage VALUES(266,'c','2018-08-23 19:06:07.005725',3,34);
INSERT INTO messenger_chatmessage VALUES(267,'c','2018-08-23 19:06:07.526757',3,34);
INSERT INTO messenger_chatmessage VALUES(268,'c','2018-08-23 19:06:08.026087',3,34);
INSERT INTO messenger_chatmessage VALUES(269,'c','2018-08-23 19:06:08.537404',3,34);
INSERT INTO messenger_chatmessage VALUES(270,'c','2018-08-23 19:06:09.048121',3,34);
INSERT INTO messenger_chatmessage VALUES(271,'c','2018-08-23 19:06:09.563425',3,34);
INSERT INTO messenger_chatmessage VALUES(272,'c','2018-08-23 19:06:10.074746',3,34);
INSERT INTO messenger_chatmessage VALUES(273,'c','2018-08-23 19:06:10.570076',3,34);
INSERT INTO messenger_chatmessage VALUES(274,'c','2018-08-23 19:06:11.085473',3,34);
INSERT INTO messenger_chatmessage VALUES(275,'c','2018-08-23 19:06:11.600867',3,34);
INSERT INTO messenger_chatmessage VALUES(276,'c','2018-08-23 19:06:12.112180',3,34);
INSERT INTO messenger_chatmessage VALUES(277,'c','2018-08-23 19:06:12.615085',3,34);
INSERT INTO messenger_chatmessage VALUES(278,'dasds','2018-08-23 19:08:22.846468',3,34);
INSERT INTO messenger_chatmessage VALUES(279,'dasds','2018-08-23 19:08:23.376249',3,34);
INSERT INTO messenger_chatmessage VALUES(280,'dasds','2018-08-23 19:08:23.888408',3,34);
INSERT INTO messenger_chatmessage VALUES(281,'dasds','2018-08-23 19:08:24.405355',3,34);
INSERT INTO messenger_chatmessage VALUES(282,'dasds','2018-08-23 19:08:24.902420',3,34);
INSERT INTO messenger_chatmessage VALUES(283,'dasds','2018-08-23 19:08:25.442647',3,34);
INSERT INTO messenger_chatmessage VALUES(284,'dasds','2018-08-23 19:08:25.972982',3,34);
INSERT INTO messenger_chatmessage VALUES(285,'dasds','2018-08-23 19:08:26.493466',3,34);
INSERT INTO messenger_chatmessage VALUES(286,'dasds','2018-08-23 19:08:26.995319',3,34);
INSERT INTO messenger_chatmessage VALUES(287,'dasds','2018-08-23 19:08:27.510833',3,34);
INSERT INTO messenger_chatmessage VALUES(288,'dasds','2018-08-23 19:08:28.010170',3,34);
INSERT INTO messenger_chatmessage VALUES(289,'assad','2018-08-23 19:09:13.378107',3,34);
INSERT INTO messenger_chatmessage VALUES(290,'assad','2018-08-23 19:09:13.898925',3,34);
INSERT INTO messenger_chatmessage VALUES(291,'assad','2018-08-23 19:09:14.417543',3,34);
INSERT INTO messenger_chatmessage VALUES(292,'assad','2018-08-23 19:09:14.936849',3,34);
INSERT INTO messenger_chatmessage VALUES(293,'asdsa','2018-08-23 19:10:56.426905',3,34);
INSERT INTO messenger_chatmessage VALUES(294,'asdsa','2018-08-23 19:10:57.155841',3,34);
INSERT INTO messenger_chatmessage VALUES(295,'asdsa','2018-08-23 19:10:59.372173',3,34);
INSERT INTO messenger_chatmessage VALUES(296,'sadsadsad','2018-08-23 19:11:03.035672',3,34);
INSERT INTO messenger_chatmessage VALUES(297,'sdsadsad','2018-08-23 19:11:17.911125',3,34);
INSERT INTO messenger_chatmessage VALUES(298,'sadasdsadsadsad','2018-08-23 19:11:25.439032',3,34);
INSERT INTO messenger_chatmessage VALUES(299,'adasdsadsa','2018-08-23 19:12:17.157023',3,34);
INSERT INTO messenger_chatmessage VALUES(300,'sadsads','2018-08-23 19:12:31.384088',3,34);
INSERT INTO messenger_chatmessage VALUES(301,'sadsadssadsadsad','2018-08-23 19:12:37.552006',3,34);
INSERT INTO messenger_chatmessage VALUES(302,'adsdsad','2018-08-23 19:12:54.738811',3,34);
INSERT INTO messenger_chatmessage VALUES(303,'adsdsadasdsad','2018-08-23 19:12:57.290791',3,34);
INSERT INTO messenger_chatmessage VALUES(304,'adsdsadasdsad','2018-08-23 19:12:57.874745',3,34);
INSERT INTO messenger_chatmessage VALUES(305,'dfdsf','2018-08-23 19:13:08.750375',3,34);
INSERT INTO messenger_chatmessage VALUES(306,'d','2018-08-23 19:13:27.950639',3,34);
INSERT INTO messenger_chatmessage VALUES(307,'sadsd','2018-08-23 19:14:05.927480',3,34);
INSERT INTO messenger_chatmessage VALUES(308,'sadsd','2018-08-23 19:14:07.679964',3,34);
INSERT INTO messenger_chatmessage VALUES(309,'sadsda','2018-08-23 19:14:11.540943',3,35);
INSERT INTO messenger_chatmessage VALUES(310,'asdsad','2018-08-23 19:14:40.117905',3,35);
INSERT INTO messenger_chatmessage VALUES(311,'asdsadsad','2018-08-23 19:14:43.179886',3,35);
INSERT INTO messenger_chatmessage VALUES(312,'asdsadsad','2018-08-23 19:14:47.028793',3,35);
INSERT INTO messenger_chatmessage VALUES(313,'asdsadsa','2018-08-23 19:15:02.827583',3,35);
INSERT INTO messenger_chatmessage VALUES(314,'asdsadsa','2018-08-23 19:15:04.033095',3,35);
INSERT INTO messenger_chatmessage VALUES(315,'dfdsfdsf','2018-08-23 19:15:06.673791',3,35);
INSERT INTO messenger_chatmessage VALUES(316,'sdsadsad','2018-08-23 19:15:34.403738',3,35);
INSERT INTO messenger_chatmessage VALUES(317,'sasdsad','2018-08-23 19:16:33.145904',3,35);
INSERT INTO messenger_chatmessage VALUES(318,'d','2018-08-23 19:16:37.697801',3,35);
INSERT INTO messenger_chatmessage VALUES(319,'sadsad','2018-08-23 19:16:47.062420',3,35);
INSERT INTO messenger_chatmessage VALUES(320,'sadsad','2018-08-23 19:16:48.070915',3,35);
INSERT INTO messenger_chatmessage VALUES(321,'sdsad','2018-08-23 19:16:50.864239',3,35);
INSERT INTO messenger_chatmessage VALUES(322,'sdsad','2018-08-23 19:18:08.016471',3,35);
INSERT INTO messenger_chatmessage VALUES(323,'sdsad','2018-08-23 19:18:08.947319',3,35);
INSERT INTO messenger_chatmessage VALUES(324,'sdsad','2018-08-23 19:18:09.580628',3,35);
INSERT INTO messenger_chatmessage VALUES(325,'sdsad','2018-08-23 19:18:09.852858',3,35);
INSERT INTO messenger_chatmessage VALUES(326,'sdsad','2018-08-23 19:18:10.092864',3,35);
INSERT INTO messenger_chatmessage VALUES(327,'l','2018-08-23 19:18:26.324263',3,33);
INSERT INTO messenger_chatmessage VALUES(328,'sadsda','2018-08-23 19:19:02.387695',3,33);
INSERT INTO messenger_chatmessage VALUES(329,'sadsda','2018-08-23 19:19:03.818389',3,33);
INSERT INTO messenger_chatmessage VALUES(330,'sadsda','2018-08-23 19:19:04.022607',3,33);
INSERT INTO messenger_chatmessage VALUES(331,'sadsda','2018-08-23 19:19:04.191776',3,33);
INSERT INTO messenger_chatmessage VALUES(332,'sadsda','2018-08-23 19:19:04.367541',3,33);
INSERT INTO messenger_chatmessage VALUES(333,'sadsda','2018-08-23 19:19:04.521718',3,33);
INSERT INTO messenger_chatmessage VALUES(334,'sadsad','2018-08-23 19:19:07.900412',3,33);
INSERT INTO messenger_chatmessage VALUES(335,'sad','2018-08-23 19:19:26.123746',3,33);
INSERT INTO messenger_chatmessage VALUES(336,'asdasd','2018-08-23 19:19:30.164586',3,33);
INSERT INTO messenger_chatmessage VALUES(337,'sadsad','2018-08-23 19:19:35.975132',3,33);
INSERT INTO messenger_chatmessage VALUES(338,'sadsda','2018-08-23 19:20:08.107170',3,33);
INSERT INTO messenger_chatmessage VALUES(339,'sadsad','2018-08-23 19:20:14.473517',3,36);
INSERT INTO messenger_chatmessage VALUES(340,'hey','2018-08-23 19:24:26.533699',3,36);
INSERT INTO messenger_chatmessage VALUES(341,'hey','2018-08-23 19:24:58.319285',3,36);
INSERT INTO messenger_chatmessage VALUES(342,'dsf','2018-08-23 19:29:45.232736',3,36);
INSERT INTO messenger_chatmessage VALUES(343,'hi','2018-08-24 15:30:23.013322',3,36);
INSERT INTO messenger_chatmessage VALUES(344,'hy','2018-08-25 08:32:53.933874',5,34);
INSERT INTO messenger_chatmessage VALUES(345,'what up','2018-08-25 08:33:01.939250',5,34);
CREATE TABLE IF NOT EXISTS "appointments_appointment" ("id" integer NOT NULL PRIMARY KEY AUTOINCREMENT, "user_id" integer NOT NULL REFERENCES "auth_user" ("id") DEFERRABLE INITIALLY DEFERRED, "task" varchar(255) NOT NULL, "date" date NULL, "time" time NULL, "created_at" datetime NULL);
INSERT INTO appointments_appointment VALUES(1,1,'New Appotiment','2018-08-31','15:00:00','2018-08-28 07:27:22.021819');
DELETE FROM sqlite_sequence;
INSERT INTO sqlite_sequence VALUES('django_migrations',22);
INSERT INTO sqlite_sequence VALUES('django_admin_log',140);
INSERT INTO sqlite_sequence VALUES('django_content_type',20);
INSERT INTO sqlite_sequence VALUES('auth_permission',66);
INSERT INTO sqlite_sequence VALUES('auth_user',6);
INSERT INTO sqlite_sequence VALUES('groups_group',1);
INSERT INTO sqlite_sequence VALUES('accounts_userprofileinfo',6);
INSERT INTO sqlite_sequence VALUES('messenger_thread',39);
INSERT INTO sqlite_sequence VALUES('posts_post',7);
INSERT INTO sqlite_sequence VALUES('activities_comment',108);
INSERT INTO sqlite_sequence VALUES('groups_groupmember',4);
INSERT INTO sqlite_sequence VALUES('messenger_chatmessage',345);
INSERT INTO sqlite_sequence VALUES('posts_post_likes',62);
INSERT INTO sqlite_sequence VALUES('accounts_weightlist',17);
INSERT INTO sqlite_sequence VALUES('accounts_userprofileinfo_weight_history',17);
INSERT INTO sqlite_sequence VALUES('nutrition_plan',1);
INSERT INTO sqlite_sequence VALUES('nutrition_nutrition',1);
INSERT INTO sqlite_sequence VALUES('appointments_appointment',1);
CREATE UNIQUE INDEX auth_group_permissions_group_id_permission_id_0cd325b0_uniq ON "auth_group_permissions" ("group_id", "permission_id");
CREATE INDEX "auth_group_permissions_group_id_b120cbf9" ON "auth_group_permissions" ("group_id");
CREATE INDEX "auth_group_permissions_permission_id_84c5c92e" ON "auth_group_permissions" ("permission_id");
CREATE UNIQUE INDEX auth_user_groups_user_id_group_id_94350c0c_uniq ON "auth_user_groups" ("user_id", "group_id");
CREATE INDEX "auth_user_groups_user_id_6a12ed8b" ON "auth_user_groups" ("user_id");
CREATE INDEX "auth_user_groups_group_id_97559544" ON "auth_user_groups" ("group_id");
CREATE UNIQUE INDEX auth_user_user_permissions_user_id_permission_id_14a6b632_uniq ON "auth_user_user_permissions" ("user_id", "permission_id");
CREATE INDEX "auth_user_user_permissions_user_id_a95ead1b" ON "auth_user_user_permissions" ("user_id");
CREATE INDEX "auth_user_user_permissions_permission_id_1fbb5f2c" ON "auth_user_user_permissions" ("permission_id");
CREATE INDEX "django_admin_log_content_type_id_c4bce8eb" ON "django_admin_log" ("content_type_id");
CREATE INDEX "django_admin_log_user_id_c564eba6" ON "django_admin_log" ("user_id");
CREATE UNIQUE INDEX django_content_type_app_label_model_76bd3d3b_uniq ON "django_content_type" ("app_label", "model");
CREATE UNIQUE INDEX auth_permission_content_type_id_codename_01ab375a_uniq ON "auth_permission" ("content_type_id", "codename");
CREATE INDEX "auth_permission_content_type_id_2f476e4b" ON "auth_permission" ("content_type_id");
CREATE INDEX "django_session_expire_date_a5c62663" ON "django_session" ("expire_date");
CREATE UNIQUE INDEX accounts_userprofileinfo_weight_history_userprofileinfo_id_weightlist_id_67bf6068_uniq ON "accounts_userprofileinfo_weight_history" ("userprofileinfo_id", "weightlist_id");
CREATE INDEX "accounts_userprofileinfo_weight_history_userprofileinfo_id_3a8dd5f6" ON "accounts_userprofileinfo_weight_history" ("userprofileinfo_id");
CREATE INDEX "accounts_userprofileinfo_weight_history_weightlist_id_624cf093" ON "accounts_userprofileinfo_weight_history" ("weightlist_id");
CREATE INDEX "activities_comment_content_type_id_d46fa0be" ON "activities_comment" ("content_type_id");
CREATE INDEX "activities_comment_user_id_99c44cbb" ON "activities_comment" ("user_id");
CREATE INDEX "groups_groupmember_group_id_1c1b676d" ON "groups_groupmember" ("group_id");
CREATE INDEX "groups_groupmember_user_id_f9e9f041" ON "groups_groupmember" ("user_id");
CREATE UNIQUE INDEX groups_groupmember_group_id_user_id_0156d33b_uniq ON "groups_groupmember" ("group_id", "user_id");
CREATE INDEX "posts_post_slug_6e9097e5" ON "posts_post" ("slug");
CREATE INDEX "posts_post_group_id_c91a8485" ON "posts_post" ("group_id");
CREATE INDEX "posts_post_user_id_a4f40dc7" ON "posts_post" ("user_id");
CREATE UNIQUE INDEX posts_post_likes_post_id_user_id_04f4f5df_uniq ON "posts_post_likes" ("post_id", "user_id");
CREATE INDEX "posts_post_likes_post_id_7f646a71" ON "posts_post_likes" ("post_id");
CREATE INDEX "posts_post_likes_user_id_34340602" ON "posts_post_likes" ("user_id");
CREATE INDEX "messenger_thread_first_id_de18e29b" ON "messenger_thread" ("first_id");
CREATE INDEX "messenger_thread_second_id_0075bc83" ON "messenger_thread" ("second_id");
CREATE INDEX "nutrition_plan_user_id_f02739f4" ON "nutrition_plan" ("user_id");
CREATE INDEX "nutrition_nutrition_plan_id_fad625ae" ON "nutrition_nutrition" ("plan_id");
CREATE INDEX "workout_workout_user_id_9f8fbd53" ON "workout_workout" ("user_id");
CREATE INDEX "workout_set_workout_id_1f827e96" ON "workout_set" ("workout_id");
CREATE INDEX "messenger_chatmessage_user_id_b0516af2" ON "messenger_chatmessage" ("user_id");
CREATE INDEX "messenger_chatmessage_thread_id_25c3789d" ON "messenger_chatmessage" ("thread_id");
CREATE INDEX "appointments_appointment_user_id_ae788a47" ON "appointments_appointment" ("user_id");
COMMIT;
